"Benchmark","Mode","Threads","Samples","Score","Score Error (99,9%)","Unit","Param: aSize","Param: bArrayType","Param: cAlgorithmType"
"pl.mwasyluk.sorting.benchmarks.SortingAlgorithmBenchmark.sort","avgt",1,15,"0,093124","0,028310","us/op",10,random,SelectionSort
"pl.mwasyluk.sorting.benchmarks.SortingAlgorithmBenchmark.sort","avgt",1,15,"0,050722","0,014607","us/op",10,random,BubbleSort
"pl.mwasyluk.sorting.benchmarks.SortingAlgorithmBenchmark.sort","avgt",1,15,"0,040157","0,005703","us/op",10,random,InsertionSort
"pl.mwasyluk.sorting.benchmarks.SortingAlgorithmBenchmark.sort","avgt",1,15,"0,227951","0,051216","us/op",10,random,MergeSort
"pl.mwasyluk.sorting.benchmarks.SortingAlgorithmBenchmark.sort","avgt",1,15,"0,058213","0,006456","us/op",10,random,QuickSort_HighestPivot
"pl.mwasyluk.sorting.benchmarks.SortingAlgorithmBenchmark.sort","avgt",1,15,"0,073011","0,005404","us/op",10,random,QuickSort_MedianPivot
"pl.mwasyluk.sorting.benchmarks.SortingAlgorithmBenchmark.sort","avgt",1,15,"0,173787","0,017048","us/op",10,random,QuickSort_RandomPivot
"pl.mwasyluk.sorting.benchmarks.SortingAlgorithmBenchmark.sort","avgt",1,15,"0,080983","0,008435","us/op",10,random,HeapSort
"pl.mwasyluk.sorting.benchmarks.SortingAlgorithmBenchmark.sort","avgt",1,15,"0,071521","0,019455","us/op",10,random,CountingSort
"pl.mwasyluk.sorting.benchmarks.SortingAlgorithmBenchmark.sort","avgt",1,15,"0,046124","0,005371","us/op",10,sorted,SelectionSort
"pl.mwasyluk.sorting.benchmarks.SortingAlgorithmBenchmark.sort","avgt",1,15,"0,020853","0,005415","us/op",10,sorted,BubbleSort
"pl.mwasyluk.sorting.benchmarks.SortingAlgorithmBenchmark.sort","avgt",1,15,"0,022135","0,007817","us/op",10,sorted,InsertionSort
"pl.mwasyluk.sorting.benchmarks.SortingAlgorithmBenchmark.sort","avgt",1,15,"0,209425","0,053565","us/op",10,sorted,MergeSort
"pl.mwasyluk.sorting.benchmarks.SortingAlgorithmBenchmark.sort","avgt",1,15,"0,069058","0,003215","us/op",10,sorted,QuickSort_HighestPivot
"pl.mwasyluk.sorting.benchmarks.SortingAlgorithmBenchmark.sort","avgt",1,15,"0,067335","0,008225","us/op",10,sorted,QuickSort_MedianPivot
"pl.mwasyluk.sorting.benchmarks.SortingAlgorithmBenchmark.sort","avgt",1,15,"0,162544","0,005883","us/op",10,sorted,QuickSort_RandomPivot
"pl.mwasyluk.sorting.benchmarks.SortingAlgorithmBenchmark.sort","avgt",1,15,"0,089362","0,003574","us/op",10,sorted,HeapSort
"pl.mwasyluk.sorting.benchmarks.SortingAlgorithmBenchmark.sort","avgt",1,15,"0,072451","0,016593","us/op",10,sorted,CountingSort
"pl.mwasyluk.sorting.benchmarks.SortingAlgorithmBenchmark.sort","avgt",1,15,"0,081706","0,002292","us/op",10,reversed,SelectionSort
"pl.mwasyluk.sorting.benchmarks.SortingAlgorithmBenchmark.sort","avgt",1,15,"0,053304","0,005073","us/op",10,reversed,BubbleSort
"pl.mwasyluk.sorting.benchmarks.SortingAlgorithmBenchmark.sort","avgt",1,15,"0,047864","0,003522","us/op",10,reversed,InsertionSort
"pl.mwasyluk.sorting.benchmarks.SortingAlgorithmBenchmark.sort","avgt",1,15,"0,225764","0,056372","us/op",10,reversed,MergeSort
"pl.mwasyluk.sorting.benchmarks.SortingAlgorithmBenchmark.sort","avgt",1,15,"0,066861","0,013825","us/op",10,reversed,QuickSort_HighestPivot
"pl.mwasyluk.sorting.benchmarks.SortingAlgorithmBenchmark.sort","avgt",1,15,"0,077514","0,022254","us/op",10,reversed,QuickSort_MedianPivot
"pl.mwasyluk.sorting.benchmarks.SortingAlgorithmBenchmark.sort","avgt",1,15,"0,192851","0,040165","us/op",10,reversed,QuickSort_RandomPivot
"pl.mwasyluk.sorting.benchmarks.SortingAlgorithmBenchmark.sort","avgt",1,15,"0,083772","0,008999","us/op",10,reversed,HeapSort
"pl.mwasyluk.sorting.benchmarks.SortingAlgorithmBenchmark.sort","avgt",1,15,"0,077552","0,031788","us/op",10,reversed,CountingSort
"pl.mwasyluk.sorting.benchmarks.SortingAlgorithmBenchmark.sort","avgt",1,15,"0,065525","0,011173","us/op",10,sorted_with_random_end_1,SelectionSort
"pl.mwasyluk.sorting.benchmarks.SortingAlgorithmBenchmark.sort","avgt",1,15,"0,055402","0,006338","us/op",10,sorted_with_random_end_1,BubbleSort
"pl.mwasyluk.sorting.benchmarks.SortingAlgorithmBenchmark.sort","avgt",1,15,"0,027413","0,004799","us/op",10,sorted_with_random_end_1,InsertionSort
"pl.mwasyluk.sorting.benchmarks.SortingAlgorithmBenchmark.sort","avgt",1,15,"0,228213","0,051546","us/op",10,sorted_with_random_end_1,MergeSort
"pl.mwasyluk.sorting.benchmarks.SortingAlgorithmBenchmark.sort","avgt",1,15,"0,067438","0,012754","us/op",10,sorted_with_random_end_1,QuickSort_HighestPivot
"pl.mwasyluk.sorting.benchmarks.SortingAlgorithmBenchmark.sort","avgt",1,15,"0,063467","0,007728","us/op",10,sorted_with_random_end_1,QuickSort_MedianPivot
"pl.mwasyluk.sorting.benchmarks.SortingAlgorithmBenchmark.sort","avgt",1,15,"0,153538","0,008101","us/op",10,sorted_with_random_end_1,QuickSort_RandomPivot
"pl.mwasyluk.sorting.benchmarks.SortingAlgorithmBenchmark.sort","avgt",1,15,"0,086142","0,008869","us/op",10,sorted_with_random_end_1,HeapSort
"pl.mwasyluk.sorting.benchmarks.SortingAlgorithmBenchmark.sort","avgt",1,15,"0,078013","0,024796","us/op",10,sorted_with_random_end_1,CountingSort
"pl.mwasyluk.sorting.benchmarks.SortingAlgorithmBenchmark.sort","avgt",1,15,"0,058631","0,005200","us/op",10,sorted_with_random_mid_1,SelectionSort
"pl.mwasyluk.sorting.benchmarks.SortingAlgorithmBenchmark.sort","avgt",1,15,"0,041286","0,007054","us/op",10,sorted_with_random_mid_1,BubbleSort
"pl.mwasyluk.sorting.benchmarks.SortingAlgorithmBenchmark.sort","avgt",1,15,"0,027178","0,005851","us/op",10,sorted_with_random_mid_1,InsertionSort
"pl.mwasyluk.sorting.benchmarks.SortingAlgorithmBenchmark.sort","avgt",1,15,"0,224789","0,058528","us/op",10,sorted_with_random_mid_1,MergeSort
"pl.mwasyluk.sorting.benchmarks.SortingAlgorithmBenchmark.sort","avgt",1,15,"0,088708","0,006377","us/op",10,sorted_with_random_mid_1,QuickSort_HighestPivot
"pl.mwasyluk.sorting.benchmarks.SortingAlgorithmBenchmark.sort","avgt",1,15,"0,068955","0,007730","us/op",10,sorted_with_random_mid_1,QuickSort_MedianPivot
"pl.mwasyluk.sorting.benchmarks.SortingAlgorithmBenchmark.sort","avgt",1,15,"0,154897","0,006947","us/op",10,sorted_with_random_mid_1,QuickSort_RandomPivot
"pl.mwasyluk.sorting.benchmarks.SortingAlgorithmBenchmark.sort","avgt",1,15,"0,091742","0,012164","us/op",10,sorted_with_random_mid_1,HeapSort
"pl.mwasyluk.sorting.benchmarks.SortingAlgorithmBenchmark.sort","avgt",1,15,"0,073829","0,018332","us/op",10,sorted_with_random_mid_1,CountingSort
"pl.mwasyluk.sorting.benchmarks.SortingAlgorithmBenchmark.sort","avgt",1,15,"0,047757","0,006996","us/op",10,sorted_with_random_start_1,SelectionSort
"pl.mwasyluk.sorting.benchmarks.SortingAlgorithmBenchmark.sort","avgt",1,15,"0,021543","0,005587","us/op",10,sorted_with_random_start_1,BubbleSort
"pl.mwasyluk.sorting.benchmarks.SortingAlgorithmBenchmark.sort","avgt",1,15,"0,022060","0,006609","us/op",10,sorted_with_random_start_1,InsertionSort
"pl.mwasyluk.sorting.benchmarks.SortingAlgorithmBenchmark.sort","avgt",1,15,"0,213637","0,057474","us/op",10,sorted_with_random_start_1,MergeSort
"pl.mwasyluk.sorting.benchmarks.SortingAlgorithmBenchmark.sort","avgt",1,15,"0,070533","0,003768","us/op",10,sorted_with_random_start_1,QuickSort_HighestPivot
"pl.mwasyluk.sorting.benchmarks.SortingAlgorithmBenchmark.sort","avgt",1,15,"0,078809","0,018960","us/op",10,sorted_with_random_start_1,QuickSort_MedianPivot
"pl.mwasyluk.sorting.benchmarks.SortingAlgorithmBenchmark.sort","avgt",1,15,"0,177304","0,032410","us/op",10,sorted_with_random_start_1,QuickSort_RandomPivot
"pl.mwasyluk.sorting.benchmarks.SortingAlgorithmBenchmark.sort","avgt",1,15,"0,085787","0,005391","us/op",10,sorted_with_random_start_1,HeapSort
"pl.mwasyluk.sorting.benchmarks.SortingAlgorithmBenchmark.sort","avgt",1,15,"0,069264","0,014375","us/op",10,sorted_with_random_start_1,CountingSort
"pl.mwasyluk.sorting.benchmarks.SortingAlgorithmBenchmark.sort","avgt",1,15,"0,073085","0,010042","us/op",10,sorted_with_random_end_half,SelectionSort
"pl.mwasyluk.sorting.benchmarks.SortingAlgorithmBenchmark.sort","avgt",1,15,"0,045941","0,006424","us/op",10,sorted_with_random_end_half,BubbleSort
"pl.mwasyluk.sorting.benchmarks.SortingAlgorithmBenchmark.sort","avgt",1,15,"0,033667","0,007184","us/op",10,sorted_with_random_end_half,InsertionSort
"pl.mwasyluk.sorting.benchmarks.SortingAlgorithmBenchmark.sort","avgt",1,15,"0,227155","0,049043","us/op",10,sorted_with_random_end_half,MergeSort
"pl.mwasyluk.sorting.benchmarks.SortingAlgorithmBenchmark.sort","avgt",1,15,"0,068322","0,005445","us/op",10,sorted_with_random_end_half,QuickSort_HighestPivot
"pl.mwasyluk.sorting.benchmarks.SortingAlgorithmBenchmark.sort","avgt",1,15,"0,076240","0,003863","us/op",10,sorted_with_random_end_half,QuickSort_MedianPivot
"pl.mwasyluk.sorting.benchmarks.SortingAlgorithmBenchmark.sort","avgt",1,15,"0,171133","0,008837","us/op",10,sorted_with_random_end_half,QuickSort_RandomPivot
"pl.mwasyluk.sorting.benchmarks.SortingAlgorithmBenchmark.sort","avgt",1,15,"0,077084","0,004775","us/op",10,sorted_with_random_end_half,HeapSort
"pl.mwasyluk.sorting.benchmarks.SortingAlgorithmBenchmark.sort","avgt",1,15,"0,068443","0,014627","us/op",10,sorted_with_random_end_half,CountingSort
"pl.mwasyluk.sorting.benchmarks.SortingAlgorithmBenchmark.sort","avgt",1,15,"0,059433","0,007537","us/op",10,sorted_with_random_mid_half,SelectionSort
"pl.mwasyluk.sorting.benchmarks.SortingAlgorithmBenchmark.sort","avgt",1,15,"0,038293","0,006583","us/op",10,sorted_with_random_mid_half,BubbleSort
"pl.mwasyluk.sorting.benchmarks.SortingAlgorithmBenchmark.sort","avgt",1,15,"0,029467","0,007475","us/op",10,sorted_with_random_mid_half,InsertionSort
"pl.mwasyluk.sorting.benchmarks.SortingAlgorithmBenchmark.sort","avgt",1,15,"0,219373","0,058821","us/op",10,sorted_with_random_mid_half,MergeSort
"pl.mwasyluk.sorting.benchmarks.SortingAlgorithmBenchmark.sort","avgt",1,15,"0,080479","0,006088","us/op",10,sorted_with_random_mid_half,QuickSort_HighestPivot
"pl.mwasyluk.sorting.benchmarks.SortingAlgorithmBenchmark.sort","avgt",1,15,"0,073783","0,003722","us/op",10,sorted_with_random_mid_half,QuickSort_MedianPivot
"pl.mwasyluk.sorting.benchmarks.SortingAlgorithmBenchmark.sort","avgt",1,15,"0,171725","0,059967","us/op",10,sorted_with_random_mid_half,QuickSort_RandomPivot
"pl.mwasyluk.sorting.benchmarks.SortingAlgorithmBenchmark.sort","avgt",1,15,"0,081253","0,004528","us/op",10,sorted_with_random_mid_half,HeapSort
"pl.mwasyluk.sorting.benchmarks.SortingAlgorithmBenchmark.sort","avgt",1,15,"0,073303","0,017810","us/op",10,sorted_with_random_mid_half,CountingSort
"pl.mwasyluk.sorting.benchmarks.SortingAlgorithmBenchmark.sort","avgt",1,15,"0,062504","0,005209","us/op",10,sorted_with_random_start_half,SelectionSort
"pl.mwasyluk.sorting.benchmarks.SortingAlgorithmBenchmark.sort","avgt",1,15,"0,035079","0,004968","us/op",10,sorted_with_random_start_half,BubbleSort
"pl.mwasyluk.sorting.benchmarks.SortingAlgorithmBenchmark.sort","avgt",1,15,"0,032660","0,005209","us/op",10,sorted_with_random_start_half,InsertionSort
"pl.mwasyluk.sorting.benchmarks.SortingAlgorithmBenchmark.sort","avgt",1,15,"0,232062","0,059246","us/op",10,sorted_with_random_start_half,MergeSort
"pl.mwasyluk.sorting.benchmarks.SortingAlgorithmBenchmark.sort","avgt",1,15,"0,089890","0,004483","us/op",10,sorted_with_random_start_half,QuickSort_HighestPivot
"pl.mwasyluk.sorting.benchmarks.SortingAlgorithmBenchmark.sort","avgt",1,15,"0,068387","0,005699","us/op",10,sorted_with_random_start_half,QuickSort_MedianPivot
"pl.mwasyluk.sorting.benchmarks.SortingAlgorithmBenchmark.sort","avgt",1,15,"0,174263","0,006757","us/op",10,sorted_with_random_start_half,QuickSort_RandomPivot
"pl.mwasyluk.sorting.benchmarks.SortingAlgorithmBenchmark.sort","avgt",1,15,"0,090013","0,011388","us/op",10,sorted_with_random_start_half,HeapSort
"pl.mwasyluk.sorting.benchmarks.SortingAlgorithmBenchmark.sort","avgt",1,15,"0,071829","0,018120","us/op",10,sorted_with_random_start_half,CountingSort
"pl.mwasyluk.sorting.benchmarks.SortingAlgorithmBenchmark.sort","avgt",1,15,"3,441517","0,428636","us/op",100,random,SelectionSort
"pl.mwasyluk.sorting.benchmarks.SortingAlgorithmBenchmark.sort","avgt",1,15,"4,564020","1,711591","us/op",100,random,BubbleSort
"pl.mwasyluk.sorting.benchmarks.SortingAlgorithmBenchmark.sort","avgt",1,15,"1,360262","0,086341","us/op",100,random,InsertionSort
"pl.mwasyluk.sorting.benchmarks.SortingAlgorithmBenchmark.sort","avgt",1,15,"3,034100","0,671514","us/op",100,random,MergeSort
"pl.mwasyluk.sorting.benchmarks.SortingAlgorithmBenchmark.sort","avgt",1,15,"0,908552","0,067343","us/op",100,random,QuickSort_HighestPivot
"pl.mwasyluk.sorting.benchmarks.SortingAlgorithmBenchmark.sort","avgt",1,15,"0,921781","0,022648","us/op",100,random,QuickSort_MedianPivot
"pl.mwasyluk.sorting.benchmarks.SortingAlgorithmBenchmark.sort","avgt",1,15,"3,844649","0,120239","us/op",100,random,QuickSort_RandomPivot
"pl.mwasyluk.sorting.benchmarks.SortingAlgorithmBenchmark.sort","avgt",1,15,"1,658336","0,024334","us/op",100,random,HeapSort
"pl.mwasyluk.sorting.benchmarks.SortingAlgorithmBenchmark.sort","avgt",1,15,"0,378390","0,119713","us/op",100,random,CountingSort
"pl.mwasyluk.sorting.benchmarks.SortingAlgorithmBenchmark.sort","avgt",1,15,"1,270798","0,088456","us/op",100,sorted,SelectionSort
"pl.mwasyluk.sorting.benchmarks.SortingAlgorithmBenchmark.sort","avgt",1,15,"0,088710","0,046067","us/op",100,sorted,BubbleSort
"pl.mwasyluk.sorting.benchmarks.SortingAlgorithmBenchmark.sort","avgt",1,15,"0,093869","0,037584","us/op",100,sorted,InsertionSort
"pl.mwasyluk.sorting.benchmarks.SortingAlgorithmBenchmark.sort","avgt",1,15,"2,352634","0,603297","us/op",100,sorted,MergeSort
"pl.mwasyluk.sorting.benchmarks.SortingAlgorithmBenchmark.sort","avgt",1,15,"2,110799","0,053314","us/op",100,sorted,QuickSort_HighestPivot
"pl.mwasyluk.sorting.benchmarks.SortingAlgorithmBenchmark.sort","avgt",1,15,"0,844147","0,021980","us/op",100,sorted,QuickSort_MedianPivot
"pl.mwasyluk.sorting.benchmarks.SortingAlgorithmBenchmark.sort","avgt",1,15,"2,669149","0,085799","us/op",100,sorted,QuickSort_RandomPivot
"pl.mwasyluk.sorting.benchmarks.SortingAlgorithmBenchmark.sort","avgt",1,15,"1,697429","0,080329","us/op",100,sorted,HeapSort
"pl.mwasyluk.sorting.benchmarks.SortingAlgorithmBenchmark.sort","avgt",1,15,"0,453401","0,111047","us/op",100,sorted,CountingSort
"pl.mwasyluk.sorting.benchmarks.SortingAlgorithmBenchmark.sort","avgt",1,15,"7,325776","0,086986","us/op",100,reversed,SelectionSort
"pl.mwasyluk.sorting.benchmarks.SortingAlgorithmBenchmark.sort","avgt",1,15,"5,134397","1,915061","us/op",100,reversed,BubbleSort
"pl.mwasyluk.sorting.benchmarks.SortingAlgorithmBenchmark.sort","avgt",1,15,"3,594594","1,606854","us/op",100,reversed,InsertionSort
"pl.mwasyluk.sorting.benchmarks.SortingAlgorithmBenchmark.sort","avgt",1,15,"2,788944","0,685672","us/op",100,reversed,MergeSort
"pl.mwasyluk.sorting.benchmarks.SortingAlgorithmBenchmark.sort","avgt",1,15,"3,628901","0,229254","us/op",100,reversed,QuickSort_HighestPivot
"pl.mwasyluk.sorting.benchmarks.SortingAlgorithmBenchmark.sort","avgt",1,15,"1,026064","0,051220","us/op",100,reversed,QuickSort_MedianPivot
"pl.mwasyluk.sorting.benchmarks.SortingAlgorithmBenchmark.sort","avgt",1,15,"2,996193","0,099583","us/op",100,reversed,QuickSort_RandomPivot
"pl.mwasyluk.sorting.benchmarks.SortingAlgorithmBenchmark.sort","avgt",1,15,"1,457051","0,050400","us/op",100,reversed,HeapSort
"pl.mwasyluk.sorting.benchmarks.SortingAlgorithmBenchmark.sort","avgt",1,15,"0,457556","0,126473","us/op",100,reversed,CountingSort
"pl.mwasyluk.sorting.benchmarks.SortingAlgorithmBenchmark.sort","avgt",1,15,"3,366974","0,533359","us/op",100,sorted_with_shift_size/100->5,SelectionSort
"pl.mwasyluk.sorting.benchmarks.SortingAlgorithmBenchmark.sort","avgt",1,15,"3,609557","1,780251","us/op",100,sorted_with_shift_size/100->5,BubbleSort
"pl.mwasyluk.sorting.benchmarks.SortingAlgorithmBenchmark.sort","avgt",1,15,"0,412116","0,028832","us/op",100,sorted_with_shift_size/100->5,InsertionSort
"pl.mwasyluk.sorting.benchmarks.SortingAlgorithmBenchmark.sort","avgt",1,15,"2,818432","0,676591","us/op",100,sorted_with_shift_size/100->5,MergeSort
"pl.mwasyluk.sorting.benchmarks.SortingAlgorithmBenchmark.sort","avgt",1,15,"0,985053","0,045386","us/op",100,sorted_with_shift_size/100->5,QuickSort_HighestPivot
"pl.mwasyluk.sorting.benchmarks.SortingAlgorithmBenchmark.sort","avgt",1,15,"0,893767","0,052229","us/op",100,sorted_with_shift_size/100->5,QuickSort_MedianPivot
"pl.mwasyluk.sorting.benchmarks.SortingAlgorithmBenchmark.sort","avgt",1,15,"2,879140","0,077098","us/op",100,sorted_with_shift_size/100->5,QuickSort_RandomPivot
"pl.mwasyluk.sorting.benchmarks.SortingAlgorithmBenchmark.sort","avgt",1,15,"1,669033","0,080285","us/op",100,sorted_with_shift_size/100->5,HeapSort
"pl.mwasyluk.sorting.benchmarks.SortingAlgorithmBenchmark.sort","avgt",1,15,"0,447732","0,111107","us/op",100,sorted_with_shift_size/100->5,CountingSort
"pl.mwasyluk.sorting.benchmarks.SortingAlgorithmBenchmark.sort","avgt",1,15,"3,394379","0,615498","us/op",100,sorted_with_shift_size/100->99,SelectionSort
"pl.mwasyluk.sorting.benchmarks.SortingAlgorithmBenchmark.sort","avgt",1,15,"4,538865","2,466635","us/op",100,sorted_with_shift_size/100->99,BubbleSort
"pl.mwasyluk.sorting.benchmarks.SortingAlgorithmBenchmark.sort","avgt",1,15,"0,258199","0,035891","us/op",100,sorted_with_shift_size/100->99,InsertionSort
"pl.mwasyluk.sorting.benchmarks.SortingAlgorithmBenchmark.sort","avgt",1,15,"2,753482","0,637512","us/op",100,sorted_with_shift_size/100->99,MergeSort
"pl.mwasyluk.sorting.benchmarks.SortingAlgorithmBenchmark.sort","avgt",1,15,"1,678249","0,080897","us/op",100,sorted_with_shift_size/100->99,QuickSort_HighestPivot
"pl.mwasyluk.sorting.benchmarks.SortingAlgorithmBenchmark.sort","avgt",1,15,"1,277385","0,025547","us/op",100,sorted_with_shift_size/100->99,QuickSort_MedianPivot
"pl.mwasyluk.sorting.benchmarks.SortingAlgorithmBenchmark.sort","avgt",1,15,"2,554826","0,077198","us/op",100,sorted_with_shift_size/100->99,QuickSort_RandomPivot
"pl.mwasyluk.sorting.benchmarks.SortingAlgorithmBenchmark.sort","avgt",1,15,"1,697301","0,056005","us/op",100,sorted_with_shift_size/100->99,HeapSort
"pl.mwasyluk.sorting.benchmarks.SortingAlgorithmBenchmark.sort","avgt",1,15,"0,483959","0,132082","us/op",100,sorted_with_shift_size/100->99,CountingSort
"pl.mwasyluk.sorting.benchmarks.SortingAlgorithmBenchmark.sort","avgt",1,15,"3,414402","0,592894","us/op",100,sorted_with_random_end_1,SelectionSort
"pl.mwasyluk.sorting.benchmarks.SortingAlgorithmBenchmark.sort","avgt",1,15,"4,582504","2,379324","us/op",100,sorted_with_random_end_1,BubbleSort
"pl.mwasyluk.sorting.benchmarks.SortingAlgorithmBenchmark.sort","avgt",1,15,"0,232709","0,030033","us/op",100,sorted_with_random_end_1,InsertionSort
"pl.mwasyluk.sorting.benchmarks.SortingAlgorithmBenchmark.sort","avgt",1,15,"2,737519","0,658109","us/op",100,sorted_with_random_end_1,MergeSort
"pl.mwasyluk.sorting.benchmarks.SortingAlgorithmBenchmark.sort","avgt",1,15,"1,736863","0,088943","us/op",100,sorted_with_random_end_1,QuickSort_HighestPivot
"pl.mwasyluk.sorting.benchmarks.SortingAlgorithmBenchmark.sort","avgt",1,15,"1,292159","0,024864","us/op",100,sorted_with_random_end_1,QuickSort_MedianPivot
"pl.mwasyluk.sorting.benchmarks.SortingAlgorithmBenchmark.sort","avgt",1,15,"2,560228","0,074976","us/op",100,sorted_with_random_end_1,QuickSort_RandomPivot
"pl.mwasyluk.sorting.benchmarks.SortingAlgorithmBenchmark.sort","avgt",1,15,"1,672393","0,053747","us/op",100,sorted_with_random_end_1,HeapSort
"pl.mwasyluk.sorting.benchmarks.SortingAlgorithmBenchmark.sort","avgt",1,15,"0,471891","0,113197","us/op",100,sorted_with_random_end_1,CountingSort
"pl.mwasyluk.sorting.benchmarks.SortingAlgorithmBenchmark.sort","avgt",1,15,"3,243540","0,706325","us/op",100,sorted_with_random_mid_1,SelectionSort
"pl.mwasyluk.sorting.benchmarks.SortingAlgorithmBenchmark.sort","avgt",1,15,"1,531514","0,363852","us/op",100,sorted_with_random_mid_1,BubbleSort
"pl.mwasyluk.sorting.benchmarks.SortingAlgorithmBenchmark.sort","avgt",1,15,"0,183969","0,036272","us/op",100,sorted_with_random_mid_1,InsertionSort
"pl.mwasyluk.sorting.benchmarks.SortingAlgorithmBenchmark.sort","avgt",1,15,"2,880626","0,633389","us/op",100,sorted_with_random_mid_1,MergeSort
"pl.mwasyluk.sorting.benchmarks.SortingAlgorithmBenchmark.sort","avgt",1,15,"5,282541","0,258433","us/op",100,sorted_with_random_mid_1,QuickSort_HighestPivot
"pl.mwasyluk.sorting.benchmarks.SortingAlgorithmBenchmark.sort","avgt",1,15,"0,871962","0,055753","us/op",100,sorted_with_random_mid_1,QuickSort_MedianPivot
"pl.mwasyluk.sorting.benchmarks.SortingAlgorithmBenchmark.sort","avgt",1,15,"2,624947","0,094515","us/op",100,sorted_with_random_mid_1,QuickSort_RandomPivot
"pl.mwasyluk.sorting.benchmarks.SortingAlgorithmBenchmark.sort","avgt",1,15,"1,671018","0,039360","us/op",100,sorted_with_random_mid_1,HeapSort
"pl.mwasyluk.sorting.benchmarks.SortingAlgorithmBenchmark.sort","avgt",1,15,"0,476742","0,122857","us/op",100,sorted_with_random_mid_1,CountingSort
"pl.mwasyluk.sorting.benchmarks.SortingAlgorithmBenchmark.sort","avgt",1,15,"1,277693","0,068373","us/op",100,sorted_with_random_start_1,SelectionSort
"pl.mwasyluk.sorting.benchmarks.SortingAlgorithmBenchmark.sort","avgt",1,15,"0,081187","0,030212","us/op",100,sorted_with_random_start_1,BubbleSort
"pl.mwasyluk.sorting.benchmarks.SortingAlgorithmBenchmark.sort","avgt",1,15,"0,092889","0,034999","us/op",100,sorted_with_random_start_1,InsertionSort
"pl.mwasyluk.sorting.benchmarks.SortingAlgorithmBenchmark.sort","avgt",1,15,"2,500724","0,744302","us/op",100,sorted_with_random_start_1,MergeSort
"pl.mwasyluk.sorting.benchmarks.SortingAlgorithmBenchmark.sort","avgt",1,15,"2,110975","0,054688","us/op",100,sorted_with_random_start_1,QuickSort_HighestPivot
"pl.mwasyluk.sorting.benchmarks.SortingAlgorithmBenchmark.sort","avgt",1,15,"0,880159","0,033713","us/op",100,sorted_with_random_start_1,QuickSort_MedianPivot
"pl.mwasyluk.sorting.benchmarks.SortingAlgorithmBenchmark.sort","avgt",1,15,"2,635637","0,071777","us/op",100,sorted_with_random_start_1,QuickSort_RandomPivot
"pl.mwasyluk.sorting.benchmarks.SortingAlgorithmBenchmark.sort","avgt",1,15,"1,634595","0,045398","us/op",100,sorted_with_random_start_1,HeapSort
"pl.mwasyluk.sorting.benchmarks.SortingAlgorithmBenchmark.sort","avgt",1,15,"0,478636","0,122379","us/op",100,sorted_with_random_start_1,CountingSort
"pl.mwasyluk.sorting.benchmarks.SortingAlgorithmBenchmark.sort","avgt",1,15,"3,473861","0,514894","us/op",100,sorted_with_random_end_half,SelectionSort
"pl.mwasyluk.sorting.benchmarks.SortingAlgorithmBenchmark.sort","avgt",1,15,"4,634100","1,633459","us/op",100,sorted_with_random_end_half,BubbleSort
"pl.mwasyluk.sorting.benchmarks.SortingAlgorithmBenchmark.sort","avgt",1,15,"0,971249","0,060729","us/op",100,sorted_with_random_end_half,InsertionSort
"pl.mwasyluk.sorting.benchmarks.SortingAlgorithmBenchmark.sort","avgt",1,15,"2,885307","0,671733","us/op",100,sorted_with_random_end_half,MergeSort
"pl.mwasyluk.sorting.benchmarks.SortingAlgorithmBenchmark.sort","avgt",1,15,"0,933529","0,178592","us/op",100,sorted_with_random_end_half,QuickSort_HighestPivot
"pl.mwasyluk.sorting.benchmarks.SortingAlgorithmBenchmark.sort","avgt",1,15,"1,021856","0,117311","us/op",100,sorted_with_random_end_half,QuickSort_MedianPivot
"pl.mwasyluk.sorting.benchmarks.SortingAlgorithmBenchmark.sort","avgt",1,15,"3,493449","0,084095","us/op",100,sorted_with_random_end_half,QuickSort_RandomPivot
"pl.mwasyluk.sorting.benchmarks.SortingAlgorithmBenchmark.sort","avgt",1,15,"1,676191","0,033315","us/op",100,sorted_with_random_end_half,HeapSort
"pl.mwasyluk.sorting.benchmarks.SortingAlgorithmBenchmark.sort","avgt",1,15,"0,381275","0,106357","us/op",100,sorted_with_random_end_half,CountingSort
"pl.mwasyluk.sorting.benchmarks.SortingAlgorithmBenchmark.sort","avgt",1,15,"3,496397","0,765929","us/op",100,sorted_with_random_mid_half,SelectionSort
"pl.mwasyluk.sorting.benchmarks.SortingAlgorithmBenchmark.sort","avgt",1,15,"3,175429","1,234938","us/op",100,sorted_with_random_mid_half,BubbleSort
"pl.mwasyluk.sorting.benchmarks.SortingAlgorithmBenchmark.sort","avgt",1,15,"0,568074","0,036016","us/op",100,sorted_with_random_mid_half,InsertionSort
"pl.mwasyluk.sorting.benchmarks.SortingAlgorithmBenchmark.sort","avgt",1,15,"2,866045","0,670799","us/op",100,sorted_with_random_mid_half,MergeSort
"pl.mwasyluk.sorting.benchmarks.SortingAlgorithmBenchmark.sort","avgt",1,15,"3,167238","0,087467","us/op",100,sorted_with_random_mid_half,QuickSort_HighestPivot
"pl.mwasyluk.sorting.benchmarks.SortingAlgorithmBenchmark.sort","avgt",1,15,"0,884525","0,050991","us/op",100,sorted_with_random_mid_half,QuickSort_MedianPivot
"pl.mwasyluk.sorting.benchmarks.SortingAlgorithmBenchmark.sort","avgt",1,15,"3,361562","0,079169","us/op",100,sorted_with_random_mid_half,QuickSort_RandomPivot
"pl.mwasyluk.sorting.benchmarks.SortingAlgorithmBenchmark.sort","avgt",1,15,"1,692500","0,037975","us/op",100,sorted_with_random_mid_half,HeapSort
"pl.mwasyluk.sorting.benchmarks.SortingAlgorithmBenchmark.sort","avgt",1,15,"0,410905","0,107509","us/op",100,sorted_with_random_mid_half,CountingSort
"pl.mwasyluk.sorting.benchmarks.SortingAlgorithmBenchmark.sort","avgt",1,15,"3,474964","0,403279","us/op",100,sorted_with_random_start_half,SelectionSort
"pl.mwasyluk.sorting.benchmarks.SortingAlgorithmBenchmark.sort","avgt",1,15,"1,682178","0,592952","us/op",100,sorted_with_random_start_half,BubbleSort
"pl.mwasyluk.sorting.benchmarks.SortingAlgorithmBenchmark.sort","avgt",1,15,"0,444791","0,049549","us/op",100,sorted_with_random_start_half,InsertionSort
"pl.mwasyluk.sorting.benchmarks.SortingAlgorithmBenchmark.sort","avgt",1,15,"2,816699","0,628383","us/op",100,sorted_with_random_start_half,MergeSort
"pl.mwasyluk.sorting.benchmarks.SortingAlgorithmBenchmark.sort","avgt",1,15,"4,842628","0,149070","us/op",100,sorted_with_random_start_half,QuickSort_HighestPivot
"pl.mwasyluk.sorting.benchmarks.SortingAlgorithmBenchmark.sort","avgt",1,15,"0,845606","0,043128","us/op",100,sorted_with_random_start_half,QuickSort_MedianPivot
"pl.mwasyluk.sorting.benchmarks.SortingAlgorithmBenchmark.sort","avgt",1,15,"3,217278","0,099305","us/op",100,sorted_with_random_start_half,QuickSort_RandomPivot
"pl.mwasyluk.sorting.benchmarks.SortingAlgorithmBenchmark.sort","avgt",1,15,"1,728105","0,087276","us/op",100,sorted_with_random_start_half,HeapSort
"pl.mwasyluk.sorting.benchmarks.SortingAlgorithmBenchmark.sort","avgt",1,15,"0,417845","0,110843","us/op",100,sorted_with_random_start_half,CountingSort
"pl.mwasyluk.sorting.benchmarks.SortingAlgorithmBenchmark.sort","avgt",1,15,"284,721685","6,474809","us/op",1_000,random,SelectionSort
"pl.mwasyluk.sorting.benchmarks.SortingAlgorithmBenchmark.sort","avgt",1,15,"546,139444","25,285300","us/op",1_000,random,BubbleSort
"pl.mwasyluk.sorting.benchmarks.SortingAlgorithmBenchmark.sort","avgt",1,15,"127,917680","3,508025","us/op",1_000,random,InsertionSort
"pl.mwasyluk.sorting.benchmarks.SortingAlgorithmBenchmark.sort","avgt",1,15,"56,126701","11,110348","us/op",1_000,random,MergeSort
"pl.mwasyluk.sorting.benchmarks.SortingAlgorithmBenchmark.sort","avgt",1,15,"22,181924","1,123534","us/op",1_000,random,QuickSort_HighestPivot
"pl.mwasyluk.sorting.benchmarks.SortingAlgorithmBenchmark.sort","avgt",1,15,"27,858658","0,924675","us/op",1_000,random,QuickSort_MedianPivot
"pl.mwasyluk.sorting.benchmarks.SortingAlgorithmBenchmark.sort","avgt",1,15,"52,525539","0,437679","us/op",1_000,random,QuickSort_RandomPivot
"pl.mwasyluk.sorting.benchmarks.SortingAlgorithmBenchmark.sort","avgt",1,15,"51,640549","1,963955","us/op",1_000,random,HeapSort
"pl.mwasyluk.sorting.benchmarks.SortingAlgorithmBenchmark.sort","avgt",1,15,"4,184691","1,174645","us/op",1_000,random,CountingSort
"pl.mwasyluk.sorting.benchmarks.SortingAlgorithmBenchmark.sort","avgt",1,15,"130,646490","10,505437","us/op",1_000,sorted,SelectionSort
"pl.mwasyluk.sorting.benchmarks.SortingAlgorithmBenchmark.sort","avgt",1,15,"0,848423","0,336364","us/op",1_000,sorted,BubbleSort
"pl.mwasyluk.sorting.benchmarks.SortingAlgorithmBenchmark.sort","avgt",1,15,"0,858034","0,321208","us/op",1_000,sorted,InsertionSort
"pl.mwasyluk.sorting.benchmarks.SortingAlgorithmBenchmark.sort","avgt",1,15,"29,979033","7,931276","us/op",1_000,sorted,MergeSort
"pl.mwasyluk.sorting.benchmarks.SortingAlgorithmBenchmark.sort","avgt",1,15,"180,629518","11,059740","us/op",1_000,sorted,QuickSort_HighestPivot
"pl.mwasyluk.sorting.benchmarks.SortingAlgorithmBenchmark.sort","avgt",1,15,"11,488814","0,226994","us/op",1_000,sorted,QuickSort_MedianPivot
"pl.mwasyluk.sorting.benchmarks.SortingAlgorithmBenchmark.sort","avgt",1,15,"31,420509","0,654217","us/op",1_000,sorted,QuickSort_RandomPivot
"pl.mwasyluk.sorting.benchmarks.SortingAlgorithmBenchmark.sort","avgt",1,15,"44,575827","0,980275","us/op",1_000,sorted,HeapSort
"pl.mwasyluk.sorting.benchmarks.SortingAlgorithmBenchmark.sort","avgt",1,15,"5,061021","1,037549","us/op",1_000,sorted,CountingSort
"pl.mwasyluk.sorting.benchmarks.SortingAlgorithmBenchmark.sort","avgt",1,15,"798,907623","6,196546","us/op",1_000,reversed,SelectionSort
"pl.mwasyluk.sorting.benchmarks.SortingAlgorithmBenchmark.sort","avgt",1,15,"379,983236","2,734751","us/op",1_000,reversed,BubbleSort
"pl.mwasyluk.sorting.benchmarks.SortingAlgorithmBenchmark.sort","avgt",1,15,"240,912220","1,694419","us/op",1_000,reversed,InsertionSort
"pl.mwasyluk.sorting.benchmarks.SortingAlgorithmBenchmark.sort","avgt",1,15,"33,859025","6,986241","us/op",1_000,reversed,MergeSort
"pl.mwasyluk.sorting.benchmarks.SortingAlgorithmBenchmark.sort","avgt",1,15,"278,747028","7,942565","us/op",1_000,reversed,QuickSort_HighestPivot
"pl.mwasyluk.sorting.benchmarks.SortingAlgorithmBenchmark.sort","avgt",1,15,"17,249937","0,670324","us/op",1_000,reversed,QuickSort_MedianPivot
"pl.mwasyluk.sorting.benchmarks.SortingAlgorithmBenchmark.sort","avgt",1,15,"37,816392","7,827149","us/op",1_000,reversed,QuickSort_RandomPivot
"pl.mwasyluk.sorting.benchmarks.SortingAlgorithmBenchmark.sort","avgt",1,15,"39,910817","1,001692","us/op",1_000,reversed,HeapSort
"pl.mwasyluk.sorting.benchmarks.SortingAlgorithmBenchmark.sort","avgt",1,15,"4,925988","1,132962","us/op",1_000,reversed,CountingSort
"pl.mwasyluk.sorting.benchmarks.SortingAlgorithmBenchmark.sort","avgt",1,15,"236,500411","29,886615","us/op",1_000,sorted_with_shift_size/100->5,SelectionSort
"pl.mwasyluk.sorting.benchmarks.SortingAlgorithmBenchmark.sort","avgt",1,15,"6,469976","1,950283","us/op",1_000,sorted_with_shift_size/100->5,BubbleSort
"pl.mwasyluk.sorting.benchmarks.SortingAlgorithmBenchmark.sort","avgt",1,15,"2,784453","0,253638","us/op",1_000,sorted_with_shift_size/100->5,InsertionSort
"pl.mwasyluk.sorting.benchmarks.SortingAlgorithmBenchmark.sort","avgt",1,15,"35,739601","6,187238","us/op",1_000,sorted_with_shift_size/100->5,MergeSort
"pl.mwasyluk.sorting.benchmarks.SortingAlgorithmBenchmark.sort","avgt",1,15,"315,713515","4,507583","us/op",1_000,sorted_with_shift_size/100->5,QuickSort_HighestPivot
"pl.mwasyluk.sorting.benchmarks.SortingAlgorithmBenchmark.sort","avgt",1,15,"12,220560","0,425065","us/op",1_000,sorted_with_shift_size/100->5,QuickSort_MedianPivot
"pl.mwasyluk.sorting.benchmarks.SortingAlgorithmBenchmark.sort","avgt",1,15,"33,491582","0,685749","us/op",1_000,sorted_with_shift_size/100->5,QuickSort_RandomPivot
"pl.mwasyluk.sorting.benchmarks.SortingAlgorithmBenchmark.sort","avgt",1,15,"46,389391","1,988589","us/op",1_000,sorted_with_shift_size/100->5,HeapSort
"pl.mwasyluk.sorting.benchmarks.SortingAlgorithmBenchmark.sort","avgt",1,15,"4,965174","1,048880","us/op",1_000,sorted_with_shift_size/100->5,CountingSort
"pl.mwasyluk.sorting.benchmarks.SortingAlgorithmBenchmark.sort","avgt",1,15,"267,086980","12,419308","us/op",1_000,sorted_with_shift_size/100->99,SelectionSort
"pl.mwasyluk.sorting.benchmarks.SortingAlgorithmBenchmark.sort","avgt",1,15,"284,857112","37,357859","us/op",1_000,sorted_with_shift_size/100->99,BubbleSort
"pl.mwasyluk.sorting.benchmarks.SortingAlgorithmBenchmark.sort","avgt",1,15,"30,828760","0,792216","us/op",1_000,sorted_with_shift_size/100->99,InsertionSort
"pl.mwasyluk.sorting.benchmarks.SortingAlgorithmBenchmark.sort","avgt",1,15,"35,483603","6,477745","us/op",1_000,sorted_with_shift_size/100->99,MergeSort
"pl.mwasyluk.sorting.benchmarks.SortingAlgorithmBenchmark.sort","avgt",1,15,"22,651104","1,502596","us/op",1_000,sorted_with_shift_size/100->99,QuickSort_HighestPivot
"pl.mwasyluk.sorting.benchmarks.SortingAlgorithmBenchmark.sort","avgt",1,15,"12,483740","0,235642","us/op",1_000,sorted_with_shift_size/100->99,QuickSort_MedianPivot
"pl.mwasyluk.sorting.benchmarks.SortingAlgorithmBenchmark.sort","avgt",1,15,"41,684084","9,974501","us/op",1_000,sorted_with_shift_size/100->99,QuickSort_RandomPivot
"pl.mwasyluk.sorting.benchmarks.SortingAlgorithmBenchmark.sort","avgt",1,15,"46,943231","0,682118","us/op",1_000,sorted_with_shift_size/100->99,HeapSort
"pl.mwasyluk.sorting.benchmarks.SortingAlgorithmBenchmark.sort","avgt",1,15,"4,904682","1,372953","us/op",1_000,sorted_with_shift_size/100->99,CountingSort
"pl.mwasyluk.sorting.benchmarks.SortingAlgorithmBenchmark.sort","avgt",1,15,"256,517758","61,718493","us/op",1_000,sorted_with_random_end_1,SelectionSort
"pl.mwasyluk.sorting.benchmarks.SortingAlgorithmBenchmark.sort","avgt",1,15,"299,502851","1,529027","us/op",1_000,sorted_with_random_end_1,BubbleSort
"pl.mwasyluk.sorting.benchmarks.SortingAlgorithmBenchmark.sort","avgt",1,15,"2,901651","0,625649","us/op",1_000,sorted_with_random_end_1,InsertionSort
"pl.mwasyluk.sorting.benchmarks.SortingAlgorithmBenchmark.sort","avgt",1,15,"33,970715","6,985832","us/op",1_000,sorted_with_random_end_1,MergeSort
"pl.mwasyluk.sorting.benchmarks.SortingAlgorithmBenchmark.sort","avgt",1,15,"145,738987","1,816237","us/op",1_000,sorted_with_random_end_1,QuickSort_HighestPivot
"pl.mwasyluk.sorting.benchmarks.SortingAlgorithmBenchmark.sort","avgt",1,15,"104,357782","1,986910","us/op",1_000,sorted_with_random_end_1,QuickSort_MedianPivot
"pl.mwasyluk.sorting.benchmarks.SortingAlgorithmBenchmark.sort","avgt",1,15,"30,711521","0,827264","us/op",1_000,sorted_with_random_end_1,QuickSort_RandomPivot
"pl.mwasyluk.sorting.benchmarks.SortingAlgorithmBenchmark.sort","avgt",1,15,"46,943218","6,909303","us/op",1_000,sorted_with_random_end_1,HeapSort
"pl.mwasyluk.sorting.benchmarks.SortingAlgorithmBenchmark.sort","avgt",1,15,"5,053810","1,100467","us/op",1_000,sorted_with_random_end_1,CountingSort
"pl.mwasyluk.sorting.benchmarks.SortingAlgorithmBenchmark.sort","avgt",1,15,"260,382111","61,179113","us/op",1_000,sorted_with_random_mid_1,SelectionSort
"pl.mwasyluk.sorting.benchmarks.SortingAlgorithmBenchmark.sort","avgt",1,15,"185,000631","0,666634","us/op",1_000,sorted_with_random_mid_1,BubbleSort
"pl.mwasyluk.sorting.benchmarks.SortingAlgorithmBenchmark.sort","avgt",1,15,"2,317054","0,304773","us/op",1_000,sorted_with_random_mid_1,InsertionSort
"pl.mwasyluk.sorting.benchmarks.SortingAlgorithmBenchmark.sort","avgt",1,15,"34,486490","6,150269","us/op",1_000,sorted_with_random_mid_1,MergeSort
"pl.mwasyluk.sorting.benchmarks.SortingAlgorithmBenchmark.sort","avgt",1,15,"456,245795","4,970121","us/op",1_000,sorted_with_random_mid_1,QuickSort_HighestPivot
"pl.mwasyluk.sorting.benchmarks.SortingAlgorithmBenchmark.sort","avgt",1,15,"26,486219","9,012573","us/op",1_000,sorted_with_random_mid_1,QuickSort_MedianPivot
"pl.mwasyluk.sorting.benchmarks.SortingAlgorithmBenchmark.sort","avgt",1,15,"30,908678","1,083273","us/op",1_000,sorted_with_random_mid_1,QuickSort_RandomPivot
"pl.mwasyluk.sorting.benchmarks.SortingAlgorithmBenchmark.sort","avgt",1,15,"45,861115","0,714988","us/op",1_000,sorted_with_random_mid_1,HeapSort
"pl.mwasyluk.sorting.benchmarks.SortingAlgorithmBenchmark.sort","avgt",1,15,"5,087661","1,031958","us/op",1_000,sorted_with_random_mid_1,CountingSort
"pl.mwasyluk.sorting.benchmarks.SortingAlgorithmBenchmark.sort","avgt",1,15,"128,421581","1,818596","us/op",1_000,sorted_with_random_start_1,SelectionSort
"pl.mwasyluk.sorting.benchmarks.SortingAlgorithmBenchmark.sort","avgt",1,15,"0,849002","0,337323","us/op",1_000,sorted_with_random_start_1,BubbleSort
"pl.mwasyluk.sorting.benchmarks.SortingAlgorithmBenchmark.sort","avgt",1,15,"0,888574","0,381539","us/op",1_000,sorted_with_random_start_1,InsertionSort
"pl.mwasyluk.sorting.benchmarks.SortingAlgorithmBenchmark.sort","avgt",1,15,"28,376478","7,049921","us/op",1_000,sorted_with_random_start_1,MergeSort
"pl.mwasyluk.sorting.benchmarks.SortingAlgorithmBenchmark.sort","avgt",1,15,"186,883253","10,557546","us/op",1_000,sorted_with_random_start_1,QuickSort_HighestPivot
"pl.mwasyluk.sorting.benchmarks.SortingAlgorithmBenchmark.sort","avgt",1,15,"11,609260","0,293114","us/op",1_000,sorted_with_random_start_1,QuickSort_MedianPivot
"pl.mwasyluk.sorting.benchmarks.SortingAlgorithmBenchmark.sort","avgt",1,15,"31,649298","0,713145","us/op",1_000,sorted_with_random_start_1,QuickSort_RandomPivot
"pl.mwasyluk.sorting.benchmarks.SortingAlgorithmBenchmark.sort","avgt",1,15,"45,007486","0,938949","us/op",1_000,sorted_with_random_start_1,HeapSort
"pl.mwasyluk.sorting.benchmarks.SortingAlgorithmBenchmark.sort","avgt",1,15,"5,150593","1,168339","us/op",1_000,sorted_with_random_start_1,CountingSort
"pl.mwasyluk.sorting.benchmarks.SortingAlgorithmBenchmark.sort","avgt",1,15,"313,876424","57,851112","us/op",1_000,sorted_with_random_end_half,SelectionSort
"pl.mwasyluk.sorting.benchmarks.SortingAlgorithmBenchmark.sort","avgt",1,15,"424,902172","7,157420","us/op",1_000,sorted_with_random_end_half,BubbleSort
"pl.mwasyluk.sorting.benchmarks.SortingAlgorithmBenchmark.sort","avgt",1,15,"103,870970","19,482122","us/op",1_000,sorted_with_random_end_half,InsertionSort
"pl.mwasyluk.sorting.benchmarks.SortingAlgorithmBenchmark.sort","avgt",1,15,"38,632243","7,153073","us/op",1_000,sorted_with_random_end_half,MergeSort
"pl.mwasyluk.sorting.benchmarks.SortingAlgorithmBenchmark.sort","avgt",1,15,"20,234347","1,895782","us/op",1_000,sorted_with_random_end_half,QuickSort_HighestPivot
"pl.mwasyluk.sorting.benchmarks.SortingAlgorithmBenchmark.sort","avgt",1,15,"21,595119","1,090156","us/op",1_000,sorted_with_random_end_half,QuickSort_MedianPivot
"pl.mwasyluk.sorting.benchmarks.SortingAlgorithmBenchmark.sort","avgt",1,15,"46,610144","0,380645","us/op",1_000,sorted_with_random_end_half,QuickSort_RandomPivot
"pl.mwasyluk.sorting.benchmarks.SortingAlgorithmBenchmark.sort","avgt",1,15,"49,590914","1,055325","us/op",1_000,sorted_with_random_end_half,HeapSort
"pl.mwasyluk.sorting.benchmarks.SortingAlgorithmBenchmark.sort","avgt",1,15,"3,910628","0,780387","us/op",1_000,sorted_with_random_end_half,CountingSort
"pl.mwasyluk.sorting.benchmarks.SortingAlgorithmBenchmark.sort","avgt",1,15,"291,617079","32,825873","us/op",1_000,sorted_with_random_mid_half,SelectionSort
"pl.mwasyluk.sorting.benchmarks.SortingAlgorithmBenchmark.sort","avgt",1,15,"380,828708","17,311731","us/op",1_000,sorted_with_random_mid_half,BubbleSort
"pl.mwasyluk.sorting.benchmarks.SortingAlgorithmBenchmark.sort","avgt",1,15,"72,602045","2,748530","us/op",1_000,sorted_with_random_mid_half,InsertionSort
"pl.mwasyluk.sorting.benchmarks.SortingAlgorithmBenchmark.sort","avgt",1,15,"38,642035","7,362809","us/op",1_000,sorted_with_random_mid_half,MergeSort
"pl.mwasyluk.sorting.benchmarks.SortingAlgorithmBenchmark.sort","avgt",1,15,"257,065412","11,596582","us/op",1_000,sorted_with_random_mid_half,QuickSort_HighestPivot
"pl.mwasyluk.sorting.benchmarks.SortingAlgorithmBenchmark.sort","avgt",1,15,"17,348669","1,454479","us/op",1_000,sorted_with_random_mid_half,QuickSort_MedianPivot
"pl.mwasyluk.sorting.benchmarks.SortingAlgorithmBenchmark.sort","avgt",1,15,"43,950925","0,694866","us/op",1_000,sorted_with_random_mid_half,QuickSort_RandomPivot
"pl.mwasyluk.sorting.benchmarks.SortingAlgorithmBenchmark.sort","avgt",1,15,"47,339059","0,859558","us/op",1_000,sorted_with_random_mid_half,HeapSort
"pl.mwasyluk.sorting.benchmarks.SortingAlgorithmBenchmark.sort","avgt",1,15,"4,609396","1,305515","us/op",1_000,sorted_with_random_mid_half,CountingSort
"pl.mwasyluk.sorting.benchmarks.SortingAlgorithmBenchmark.sort","avgt",1,15,"305,667715","73,376226","us/op",1_000,sorted_with_random_start_half,SelectionSort
"pl.mwasyluk.sorting.benchmarks.SortingAlgorithmBenchmark.sort","avgt",1,15,"285,465062","38,606344","us/op",1_000,sorted_with_random_start_half,BubbleSort
"pl.mwasyluk.sorting.benchmarks.SortingAlgorithmBenchmark.sort","avgt",1,15,"76,071726","1,776546","us/op",1_000,sorted_with_random_start_half,InsertionSort
"pl.mwasyluk.sorting.benchmarks.SortingAlgorithmBenchmark.sort","avgt",1,15,"37,360029","6,296111","us/op",1_000,sorted_with_random_start_half,MergeSort
"pl.mwasyluk.sorting.benchmarks.SortingAlgorithmBenchmark.sort","avgt",1,15,"398,703001","5,971356","us/op",1_000,sorted_with_random_start_half,QuickSort_HighestPivot
"pl.mwasyluk.sorting.benchmarks.SortingAlgorithmBenchmark.sort","avgt",1,15,"15,031686","1,361146","us/op",1_000,sorted_with_random_start_half,QuickSort_MedianPivot
"pl.mwasyluk.sorting.benchmarks.SortingAlgorithmBenchmark.sort","avgt",1,15,"41,015901","0,470487","us/op",1_000,sorted_with_random_start_half,QuickSort_RandomPivot
"pl.mwasyluk.sorting.benchmarks.SortingAlgorithmBenchmark.sort","avgt",1,15,"45,100943","0,620350","us/op",1_000,sorted_with_random_start_half,HeapSort
"pl.mwasyluk.sorting.benchmarks.SortingAlgorithmBenchmark.sort","avgt",1,15,"4,831473","1,482235","us/op",1_000,sorted_with_random_start_half,CountingSort
"pl.mwasyluk.sorting.benchmarks.SortingAlgorithmBenchmark.sort","avgt",1,15,"11204,115556","638,800206","us/op",100_000,random,MergeSort
"pl.mwasyluk.sorting.benchmarks.SortingAlgorithmBenchmark.sort","avgt",1,15,"7622,464788","1015,662828","us/op",100_000,random,QuickSort_MedianPivot
"pl.mwasyluk.sorting.benchmarks.SortingAlgorithmBenchmark.sort","avgt",1,15,"7878,370556","302,152772","us/op",100_000,random,QuickSort_RandomPivot
"pl.mwasyluk.sorting.benchmarks.SortingAlgorithmBenchmark.sort","avgt",1,15,"10872,174444","53,599742","us/op",100_000,random,HeapSort
"pl.mwasyluk.sorting.benchmarks.SortingAlgorithmBenchmark.sort","avgt",1,15,"774,493054","98,426987","us/op",100_000,random,CountingSort
"pl.mwasyluk.sorting.benchmarks.SortingAlgorithmBenchmark.sort","avgt",1,15,"3389,078442","868,374089","us/op",100_000,sorted,MergeSort
"pl.mwasyluk.sorting.benchmarks.SortingAlgorithmBenchmark.sort","avgt",1,15,"2333,603486","137,607925","us/op",100_000,sorted,QuickSort_MedianPivot
"pl.mwasyluk.sorting.benchmarks.SortingAlgorithmBenchmark.sort","avgt",1,15,"4283,238502","660,970234","us/op",100_000,sorted,QuickSort_RandomPivot
"pl.mwasyluk.sorting.benchmarks.SortingAlgorithmBenchmark.sort","avgt",1,15,"7402,845278","130,137341","us/op",100_000,sorted,HeapSort
"pl.mwasyluk.sorting.benchmarks.SortingAlgorithmBenchmark.sort","avgt",1,15,"517,979614","89,752647","us/op",100_000,sorted,CountingSort
"pl.mwasyluk.sorting.benchmarks.SortingAlgorithmBenchmark.sort","avgt",1,15,"4446,149169","897,184498","us/op",100_000,reversed,MergeSort
"pl.mwasyluk.sorting.benchmarks.SortingAlgorithmBenchmark.sort","avgt",1,15,"4198,209175","111,118484","us/op",100_000,reversed,QuickSort_MedianPivot
"pl.mwasyluk.sorting.benchmarks.SortingAlgorithmBenchmark.sort","avgt",1,15,"4340,995877","215,228791","us/op",100_000,reversed,QuickSort_RandomPivot
"pl.mwasyluk.sorting.benchmarks.SortingAlgorithmBenchmark.sort","avgt",1,15,"7111,513148","106,823969","us/op",100_000,reversed,HeapSort
"pl.mwasyluk.sorting.benchmarks.SortingAlgorithmBenchmark.sort","avgt",1,15,"525,879544","89,096788","us/op",100_000,reversed,CountingSort
"pl.mwasyluk.sorting.benchmarks.SortingAlgorithmBenchmark.sort","avgt",1,15,"4552,375930","819,735566","us/op",100_000,sorted_with_shift_size/100->5,MergeSort
"pl.mwasyluk.sorting.benchmarks.SortingAlgorithmBenchmark.sort","avgt",1,15,"2479,171792","80,400874","us/op",100_000,sorted_with_shift_size/100->5,QuickSort_MedianPivot
"pl.mwasyluk.sorting.benchmarks.SortingAlgorithmBenchmark.sort","avgt",1,15,"4121,442901","183,458655","us/op",100_000,sorted_with_shift_size/100->5,QuickSort_RandomPivot
"pl.mwasyluk.sorting.benchmarks.SortingAlgorithmBenchmark.sort","avgt",1,15,"7251,332222","47,448027","us/op",100_000,sorted_with_shift_size/100->5,HeapSort
"pl.mwasyluk.sorting.benchmarks.SortingAlgorithmBenchmark.sort","avgt",1,15,"528,160749","104,980737","us/op",100_000,sorted_with_shift_size/100->5,CountingSort
"pl.mwasyluk.sorting.benchmarks.SortingAlgorithmBenchmark.sort","avgt",1,15,"4499,950619","1042,181151","us/op",100_000,sorted_with_shift_size/100->99,MergeSort
"pl.mwasyluk.sorting.benchmarks.SortingAlgorithmBenchmark.sort","avgt",1,15,"2392,444331","65,227587","us/op",100_000,sorted_with_shift_size/100->99,QuickSort_MedianPivot
"pl.mwasyluk.sorting.benchmarks.SortingAlgorithmBenchmark.sort","avgt",1,15,"3919,469863","229,530037","us/op",100_000,sorted_with_shift_size/100->99,QuickSort_RandomPivot
"pl.mwasyluk.sorting.benchmarks.SortingAlgorithmBenchmark.sort","avgt",1,15,"7176,786389","72,063519","us/op",100_000,sorted_with_shift_size/100->99,HeapSort
"pl.mwasyluk.sorting.benchmarks.SortingAlgorithmBenchmark.sort","avgt",1,15,"524,148172","90,581794","us/op",100_000,sorted_with_shift_size/100->99,CountingSort
"pl.mwasyluk.sorting.benchmarks.SortingAlgorithmBenchmark.sort","avgt",1,15,"4519,662510","899,321508","us/op",100_000,sorted_with_random_end_1,MergeSort
"pl.mwasyluk.sorting.benchmarks.SortingAlgorithmBenchmark.sort","avgt",1,15,"4095,988472","130,464530","us/op",100_000,sorted_with_random_end_1,QuickSort_RandomPivot
"pl.mwasyluk.sorting.benchmarks.SortingAlgorithmBenchmark.sort","avgt",1,15,"7142,925093","70,161707","us/op",100_000,sorted_with_random_end_1,HeapSort
"pl.mwasyluk.sorting.benchmarks.SortingAlgorithmBenchmark.sort","avgt",1,15,"517,884248","86,612517","us/op",100_000,sorted_with_random_end_1,CountingSort
"pl.mwasyluk.sorting.benchmarks.SortingAlgorithmBenchmark.sort","avgt",1,15,"4870,493683","913,106084","us/op",100_000,sorted_with_random_mid_1,MergeSort
"pl.mwasyluk.sorting.benchmarks.SortingAlgorithmBenchmark.sort","avgt",1,10,"104596,780000","297,408688","us/op",100_000,sorted_with_random_mid_1,QuickSort_MedianPivot
"pl.mwasyluk.sorting.benchmarks.SortingAlgorithmBenchmark.sort","avgt",1,15,"4140,563750","81,480167","us/op",100_000,sorted_with_random_mid_1,QuickSort_RandomPivot
"pl.mwasyluk.sorting.benchmarks.SortingAlgorithmBenchmark.sort","avgt",1,15,"7150,800278","87,918497","us/op",100_000,sorted_with_random_mid_1,HeapSort
"pl.mwasyluk.sorting.benchmarks.SortingAlgorithmBenchmark.sort","avgt",1,15,"524,816093","102,379292","us/op",100_000,sorted_with_random_mid_1,CountingSort
"pl.mwasyluk.sorting.benchmarks.SortingAlgorithmBenchmark.sort","avgt",1,15,"3333,904129","921,786821","us/op",100_000,sorted_with_random_start_1,MergeSort
"pl.mwasyluk.sorting.benchmarks.SortingAlgorithmBenchmark.sort","avgt",1,15,"2294,117739","93,487836","us/op",100_000,sorted_with_random_start_1,QuickSort_MedianPivot
"pl.mwasyluk.sorting.benchmarks.SortingAlgorithmBenchmark.sort","avgt",1,15,"4104,327574","211,419072","us/op",100_000,sorted_with_random_start_1,QuickSort_RandomPivot
"pl.mwasyluk.sorting.benchmarks.SortingAlgorithmBenchmark.sort","avgt",1,15,"7202,771944","105,325622","us/op",100_000,sorted_with_random_start_1,HeapSort
"pl.mwasyluk.sorting.benchmarks.SortingAlgorithmBenchmark.sort","avgt",1,15,"532,957590","83,869507","us/op",100_000,sorted_with_random_start_1,CountingSort
"pl.mwasyluk.sorting.benchmarks.SortingAlgorithmBenchmark.sort","avgt",1,15,"7887,244246","848,393029","us/op",100_000,sorted_with_random_end_half,MergeSort
"pl.mwasyluk.sorting.benchmarks.SortingAlgorithmBenchmark.sort","avgt",1,15,"6459,983556","44,109829","us/op",100_000,sorted_with_random_end_half,QuickSort_MedianPivot
"pl.mwasyluk.sorting.benchmarks.SortingAlgorithmBenchmark.sort","avgt",1,15,"6838,973667","114,214793","us/op",100_000,sorted_with_random_end_half,QuickSort_RandomPivot
"pl.mwasyluk.sorting.benchmarks.SortingAlgorithmBenchmark.sort","avgt",1,15,"9795,192063","245,699792","us/op",100_000,sorted_with_random_end_half,HeapSort
"pl.mwasyluk.sorting.benchmarks.SortingAlgorithmBenchmark.sort","avgt",1,15,"578,248393","83,879765","us/op",100_000,sorted_with_random_end_half,CountingSort
"pl.mwasyluk.sorting.benchmarks.SortingAlgorithmBenchmark.sort","avgt",1,15,"7769,631190","854,336601","us/op",100_000,sorted_with_random_mid_half,MergeSort
"pl.mwasyluk.sorting.benchmarks.SortingAlgorithmBenchmark.sort","avgt",1,15,"5541,254687","86,788305","us/op",100_000,sorted_with_random_mid_half,QuickSort_MedianPivot
"pl.mwasyluk.sorting.benchmarks.SortingAlgorithmBenchmark.sort","avgt",1,15,"6501,364074","213,736028","us/op",100_000,sorted_with_random_mid_half,QuickSort_RandomPivot
"pl.mwasyluk.sorting.benchmarks.SortingAlgorithmBenchmark.sort","avgt",1,15,"9010,390079","79,279534","us/op",100_000,sorted_with_random_mid_half,HeapSort
"pl.mwasyluk.sorting.benchmarks.SortingAlgorithmBenchmark.sort","avgt",1,15,"588,599485","83,942257","us/op",100_000,sorted_with_random_mid_half,CountingSort
"pl.mwasyluk.sorting.benchmarks.SortingAlgorithmBenchmark.sort","avgt",1,15,"7880,695542","865,183677","us/op",100_000,sorted_with_random_start_half,MergeSort
"pl.mwasyluk.sorting.benchmarks.SortingAlgorithmBenchmark.sort","avgt",1,15,"4978,669017","182,605290","us/op",100_000,sorted_with_random_start_half,QuickSort_MedianPivot
"pl.mwasyluk.sorting.benchmarks.SortingAlgorithmBenchmark.sort","avgt",1,15,"5900,467212","71,623324","us/op",100_000,sorted_with_random_start_half,QuickSort_RandomPivot
"pl.mwasyluk.sorting.benchmarks.SortingAlgorithmBenchmark.sort","avgt",1,15,"8556,030119","136,779428","us/op",100_000,sorted_with_random_start_half,HeapSort
"pl.mwasyluk.sorting.benchmarks.SortingAlgorithmBenchmark.sort","avgt",1,15,"586,578210","92,276986","us/op",100_000,sorted_with_random_start_half,CountingSort
"pl.mwasyluk.sorting.benchmarks.SortingAlgorithmBenchmark.sort","avgt",1,15,"128191,620000","5628,948223","us/op",1_000_000,random,MergeSort
"pl.mwasyluk.sorting.benchmarks.SortingAlgorithmBenchmark.sort","avgt",1,15,"87943,706667","1746,383765","us/op",1_000_000,random,QuickSort_MedianPivot
"pl.mwasyluk.sorting.benchmarks.SortingAlgorithmBenchmark.sort","avgt",1,15,"89922,413333","5028,267918","us/op",1_000_000,random,QuickSort_RandomPivot
"pl.mwasyluk.sorting.benchmarks.SortingAlgorithmBenchmark.sort","avgt",1,15,"143409,740000","5525,647779","us/op",1_000_000,random,HeapSort
"pl.mwasyluk.sorting.benchmarks.SortingAlgorithmBenchmark.sort","avgt",1,15,"18383,615556","1908,554528","us/op",1_000_000,random,CountingSort
"pl.mwasyluk.sorting.benchmarks.SortingAlgorithmBenchmark.sort","avgt",1,15,"35541,373333","10182,630362","us/op",1_000_000,sorted,MergeSort
"pl.mwasyluk.sorting.benchmarks.SortingAlgorithmBenchmark.sort","avgt",1,15,"24875,800000","761,409912","us/op",1_000_000,sorted,QuickSort_MedianPivot
"pl.mwasyluk.sorting.benchmarks.SortingAlgorithmBenchmark.sort","avgt",1,15,"45228,850000","2187,005020","us/op",1_000_000,sorted,QuickSort_RandomPivot
"pl.mwasyluk.sorting.benchmarks.SortingAlgorithmBenchmark.sort","avgt",1,15,"79246,266667","702,885450","us/op",1_000_000,sorted,HeapSort
"pl.mwasyluk.sorting.benchmarks.SortingAlgorithmBenchmark.sort","avgt",1,15,"5839,692717","636,403224","us/op",1_000_000,sorted,CountingSort
"pl.mwasyluk.sorting.benchmarks.SortingAlgorithmBenchmark.sort","avgt",1,15,"48392,026667","12370,092928","us/op",1_000_000,reversed,MergeSort
"pl.mwasyluk.sorting.benchmarks.SortingAlgorithmBenchmark.sort","avgt",1,15,"49760,850000","1680,308326","us/op",1_000_000,reversed,QuickSort_MedianPivot
"pl.mwasyluk.sorting.benchmarks.SortingAlgorithmBenchmark.sort","avgt",1,15,"48871,773333","2738,971778","us/op",1_000_000,reversed,QuickSort_RandomPivot
"pl.mwasyluk.sorting.benchmarks.SortingAlgorithmBenchmark.sort","avgt",1,15,"76889,513333","3944,845284","us/op",1_000_000,reversed,HeapSort
"pl.mwasyluk.sorting.benchmarks.SortingAlgorithmBenchmark.sort","avgt",1,15,"5683,254130","808,722132","us/op",1_000_000,reversed,CountingSort
"pl.mwasyluk.sorting.benchmarks.SortingAlgorithmBenchmark.sort","avgt",1,15,"54779,096667","13039,960929","us/op",1_000_000,sorted_with_shift_size/100->5,MergeSort
"pl.mwasyluk.sorting.benchmarks.SortingAlgorithmBenchmark.sort","avgt",1,15,"26401,741111","1039,793851","us/op",1_000_000,sorted_with_shift_size/100->5,QuickSort_MedianPivot
"pl.mwasyluk.sorting.benchmarks.SortingAlgorithmBenchmark.sort","avgt",1,15,"44805,060000","1836,503498","us/op",1_000_000,sorted_with_shift_size/100->5,QuickSort_RandomPivot
"pl.mwasyluk.sorting.benchmarks.SortingAlgorithmBenchmark.sort","avgt",1,15,"85279,686667","2047,715651","us/op",1_000_000,sorted_with_shift_size/100->5,HeapSort
"pl.mwasyluk.sorting.benchmarks.SortingAlgorithmBenchmark.sort","avgt",1,15,"5634,279903","740,319165","us/op",1_000_000,sorted_with_shift_size/100->5,CountingSort
"pl.mwasyluk.sorting.benchmarks.SortingAlgorithmBenchmark.sort","avgt",1,15,"55969,260000","15045,579547","us/op",1_000_000,sorted_with_shift_size/100->99,MergeSort
"pl.mwasyluk.sorting.benchmarks.SortingAlgorithmBenchmark.sort","avgt",1,15,"27020,095556","1345,594127","us/op",1_000_000,sorted_with_shift_size/100->99,QuickSort_MedianPivot
"pl.mwasyluk.sorting.benchmarks.SortingAlgorithmBenchmark.sort","avgt",1,15,"46851,490000","2094,256009","us/op",1_000_000,sorted_with_shift_size/100->99,QuickSort_RandomPivot
"pl.mwasyluk.sorting.benchmarks.SortingAlgorithmBenchmark.sort","avgt",1,15,"86917,813333","747,780315","us/op",1_000_000,sorted_with_shift_size/100->99,HeapSort
"pl.mwasyluk.sorting.benchmarks.SortingAlgorithmBenchmark.sort","avgt",1,15,"5664,746780","706,199167","us/op",1_000_000,sorted_with_shift_size/100->99,CountingSort
"pl.mwasyluk.sorting.benchmarks.SortingAlgorithmBenchmark.sort","avgt",1,15,"54652,816667","12910,017663","us/op",1_000_000,sorted_with_random_end_1,MergeSort
"pl.mwasyluk.sorting.benchmarks.SortingAlgorithmBenchmark.sort","avgt",1,15,"44982,303333","1534,447230","us/op",1_000_000,sorted_with_random_end_1,QuickSort_RandomPivot
"pl.mwasyluk.sorting.benchmarks.SortingAlgorithmBenchmark.sort","avgt",1,15,"85435,633333","2903,015674","us/op",1_000_000,sorted_with_random_end_1,HeapSort
"pl.mwasyluk.sorting.benchmarks.SortingAlgorithmBenchmark.sort","avgt",1,15,"5755,554124","743,581821","us/op",1_000_000,sorted_with_random_end_1,CountingSort
"pl.mwasyluk.sorting.benchmarks.SortingAlgorithmBenchmark.sort","avgt",1,15,"55042,923333","12845,095868","us/op",1_000_000,sorted_with_random_mid_1,MergeSort
"pl.mwasyluk.sorting.benchmarks.SortingAlgorithmBenchmark.sort","avgt",1,15,"44750,746667","1291,755572","us/op",1_000_000,sorted_with_random_mid_1,QuickSort_RandomPivot
"pl.mwasyluk.sorting.benchmarks.SortingAlgorithmBenchmark.sort","avgt",1,15,"84310,986667","4728,297153","us/op",1_000_000,sorted_with_random_mid_1,HeapSort
"pl.mwasyluk.sorting.benchmarks.SortingAlgorithmBenchmark.sort","avgt",1,15,"5559,461845","633,293163","us/op",1_000_000,sorted_with_random_mid_1,CountingSort
"pl.mwasyluk.sorting.benchmarks.SortingAlgorithmBenchmark.sort","avgt",1,15,"35187,670000","9496,000082","us/op",1_000_000,sorted_with_random_start_1,MergeSort
"pl.mwasyluk.sorting.benchmarks.SortingAlgorithmBenchmark.sort","avgt",1,15,"26087,807778","1146,057789","us/op",1_000_000,sorted_with_random_start_1,QuickSort_MedianPivot
"pl.mwasyluk.sorting.benchmarks.SortingAlgorithmBenchmark.sort","avgt",1,15,"46410,740000","6520,500758","us/op",1_000_000,sorted_with_random_start_1,QuickSort_RandomPivot
"pl.mwasyluk.sorting.benchmarks.SortingAlgorithmBenchmark.sort","avgt",1,15,"85045,660000","2856,748642","us/op",1_000_000,sorted_with_random_start_1,HeapSort
"pl.mwasyluk.sorting.benchmarks.SortingAlgorithmBenchmark.sort","avgt",1,15,"5658,431377","639,716135","us/op",1_000_000,sorted_with_random_start_1,CountingSort
"pl.mwasyluk.sorting.benchmarks.SortingAlgorithmBenchmark.sort","avgt",1,15,"91400,006667","8178,344445","us/op",1_000_000,sorted_with_random_end_half,MergeSort
"pl.mwasyluk.sorting.benchmarks.SortingAlgorithmBenchmark.sort","avgt",1,15,"75897,500000","2155,238453","us/op",1_000_000,sorted_with_random_end_half,QuickSort_MedianPivot
"pl.mwasyluk.sorting.benchmarks.SortingAlgorithmBenchmark.sort","avgt",1,15,"81955,140000","11010,530570","us/op",1_000_000,sorted_with_random_end_half,QuickSort_RandomPivot
"pl.mwasyluk.sorting.benchmarks.SortingAlgorithmBenchmark.sort","avgt",1,15,"137204,966667","13290,949859","us/op",1_000_000,sorted_with_random_end_half,HeapSort
"pl.mwasyluk.sorting.benchmarks.SortingAlgorithmBenchmark.sort","avgt",1,15,"7939,241389","843,282781","us/op",1_000_000,sorted_with_random_end_half,CountingSort
"pl.mwasyluk.sorting.benchmarks.SortingAlgorithmBenchmark.sort","avgt",1,15,"87838,206667","5087,513156","us/op",1_000_000,sorted_with_random_mid_half,MergeSort
"pl.mwasyluk.sorting.benchmarks.SortingAlgorithmBenchmark.sort","avgt",1,10,"63416,860000","519,363381","us/op",1_000_000,sorted_with_random_mid_half,QuickSort_MedianPivot
"pl.mwasyluk.sorting.benchmarks.SortingAlgorithmBenchmark.sort","avgt",1,15,"70954,560000","1892,992398","us/op",1_000_000,sorted_with_random_mid_half,QuickSort_RandomPivot
"pl.mwasyluk.sorting.benchmarks.SortingAlgorithmBenchmark.sort","avgt",1,15,"117280,880000","540,050337","us/op",1_000_000,sorted_with_random_mid_half,HeapSort
"pl.mwasyluk.sorting.benchmarks.SortingAlgorithmBenchmark.sort","avgt",1,15,"7931,486005","813,839868","us/op",1_000_000,sorted_with_random_mid_half,CountingSort
"pl.mwasyluk.sorting.benchmarks.SortingAlgorithmBenchmark.sort","avgt",1,15,"87207,806667","5482,877541","us/op",1_000_000,sorted_with_random_start_half,MergeSort
"pl.mwasyluk.sorting.benchmarks.SortingAlgorithmBenchmark.sort","avgt",1,10,"55731,115000","1680,865841","us/op",1_000_000,sorted_with_random_start_half,QuickSort_MedianPivot
"pl.mwasyluk.sorting.benchmarks.SortingAlgorithmBenchmark.sort","avgt",1,15,"65317,250000","1566,639364","us/op",1_000_000,sorted_with_random_start_half,QuickSort_RandomPivot
"pl.mwasyluk.sorting.benchmarks.SortingAlgorithmBenchmark.sort","avgt",1,15,"118051,026667","9837,206675","us/op",1_000_000,sorted_with_random_start_half,HeapSort
"pl.mwasyluk.sorting.benchmarks.SortingAlgorithmBenchmark.sort","avgt",1,15,"7947,625000","819,006993","us/op",1_000_000,sorted_with_random_start_half,CountingSort
